{
	"info": {
		"_postman_id": "af255cf1-d11c-4877-aac4-8ebd42bfc10e",
		"name": "Homework2_cs5220",
		"schema": "https://schema.getpostman.com/json/collection/v2.1.0/collection.json"
	},
	"item": [
		{
			"name": "Display list of documents",
			"request": {
				"method": "GET",
				"header": [],
				"url": {
					"raw": "http://localhost:8080/documents",
					"protocol": "http",
					"host": [
						"localhost"
					],
					"port": "8080",
					"path": [
						"documents"
					]
				}
			},
			"response": []
		},
		{
			"name": "Add a document",
			"request": {
				"method": "POST",
				"header": [
					{
						"key": "Content-Type",
						"value": "multipart/form-data",
						"type": "text"
					}
				],
				"body": {
					"mode": "formdata",
					"formdata": [
						{
							"key": "file",
							"type": "file",
							"src": "/Users/kevinngo/Downloads/Photos/cool.jpg"
						},
						{
							"key": "name",
							"value": "Pokemon",
							"type": "text"
						},
						{
							"key": "notes",
							"value": "This is an image of pokemon ball",
							"type": "text"
						}
					]
				},
				"url": {
					"raw": "http://localhost:8080/documents",
					"protocol": "http",
					"host": [
						"localhost"
					],
					"port": "8080",
					"path": [
						"documents"
					]
				}
			},
			"response": []
		},
		{
			"name": "Display detail information of a document",
			"request": {
				"method": "GET",
				"header": [],
				"url": {
					"raw": "http://localhost:8080/documents/9",
					"protocol": "http",
					"host": [
						"localhost"
					],
					"port": "8080",
					"path": [
						"documents",
						"9"
					]
				}
			},
			"response": []
		},
		{
			"name": "Display a list of revisions of a document",
			"request": {
				"method": "GET",
				"header": [],
				"url": {
					"raw": "http://localhost:8080/documents/18/revisions",
					"protocol": "http",
					"host": [
						"localhost"
					],
					"port": "8080",
					"path": [
						"documents",
						"18",
						"revisions"
					]
				}
			},
			"response": []
		},
		{
			"name": "Add a revision to a document",
			"request": {
				"method": "POST",
				"header": [
					{
						"key": "Content-Type",
						"value": "multipart/form-data",
						"type": "text"
					}
				],
				"body": {
					"mode": "formdata",
					"formdata": [
						{
							"key": "file",
							"type": "file",
							"src": "/Users/kevinngo/Downloads/Photos/DSC03128.JPG"
						},
						{
							"key": "notes",
							"value": "another version of document 9",
							"type": "text"
						}
					]
				},
				"url": {
					"raw": "http://localhost:8080/documents/9/revisions",
					"protocol": "http",
					"host": [
						"localhost"
					],
					"port": "8080",
					"path": [
						"documents",
						"9",
						"revisions"
					]
				}
			},
			"response": []
		},
		{
			"name": "Display detail information of a revision",
			"request": {
				"method": "GET",
				"header": [],
				"url": {
					"raw": "http://localhost:8080/documents/9/revisions/11",
					"protocol": "http",
					"host": [
						"localhost"
					],
					"port": "8080",
					"path": [
						"documents",
						"9",
						"revisions",
						"11"
					]
				}
			},
			"response": []
		},
		{
			"name": "Edit note of a revision",
			"request": {
				"method": "PATCH",
				"header": [
					{
						"key": "Content-Type",
						"value": "application/json",
						"type": "text"
					}
				],
				"body": {
					"mode": "raw",
					"raw": "{\n\t\"notes\" : \"updated notes\"\n}"
				},
				"url": {
					"raw": "http://localhost:8080/documents/9/revisions/11",
					"protocol": "http",
					"host": [
						"localhost"
					],
					"port": "8080",
					"path": [
						"documents",
						"9",
						"revisions",
						"11"
					]
				}
			},
			"response": []
		},
		{
			"name": "Download a file",
			"request": {
				"method": "GET",
				"header": [],
				"url": {
					"raw": "http://localhost:8080/downloadFile/10",
					"protocol": "http",
					"host": [
						"localhost"
					],
					"port": "8080",
					"path": [
						"downloadFile",
						"10"
					]
				}
			},
			"response": []
		}
	],
	"protocolProfileBehavior": {}
}